DESCRIPTIF,REF_COURSE,RACE_DATE,START_TIME,HIPPODROME,RACE_CONDITIONS,DIST,ALLOCATION,STARTERS,Q+,RACE_URL,TABLE_INDEX,N°,CHEVAL,MUSIQUE,DERNIÈRES PERF.,HORSE_LINK,HORSE_ID,POIDS,J-DECH.,CORDE,SEXE,AGE,JOCKEY,ENTRAINEUR,GAIN,OEILL.,COTE,DSCP,IC,FORME,IF,S_COEFF
PRIX CEREALISTE,R1C1,01/10/2026,13h55,AUTEUIL,Conditions de course : Haies 3 600m 15 partants Corde à gauche 98 000 € Pour 5 ans HANDICAP,3600,98000,15,False,https://www.turfomania.fr/pronostics/partants-jeudi-01-octobre-2026-auteuil-prix-cerealiste.html?idcourse=684218,1,1,WEBCAM,(23j) 1h 2h (25) 4s 5s Ah 7h 2h 1h (24) 4h 2h 3p 4p,(23j) 1h 2h (25) 4s 5s Ah 7h 2h 1h (24) 4h 2h 3p 4p,https://www.turfomania.fr/cheval/webcam_1176801,7980369,72.0,-,0,2,5,MEUNIER GAB.,BRESSOU D.,144785,,6.8,3,65.2,3.57,3.57,7.07
PRIX CEREALISTE,R1C1,01/10/2026,13h55,AUTEUIL,Conditions de course : Haies 3 600m 15 partants Corde à gauche 98 000 € Pour 5 ans HANDICAP,3600,98000,15,False,https://www.turfomania.fr/pronostics/partants-jeudi-01-octobre-2026-auteuil-prix-cerealiste.html?idcourse=684218,2,2,SPECIALS ONE,(127j) 8s Ts 5s 2s 1h 1h (25) 4s 2s 1s 4h Ah 2h,(127j) 8s Ts 5s 2s 1h 1h (25) 4s 2s 1s 4h Ah 2h,https://www.turfomania.fr/cheval/specials-one_1232004,7980370,71.0,-,0,0,5,ZULIANI L.,VIGREUX (S) A.,106310,,44.0,3,27.0,3.46,3.46,8.13
PRIX CEREALISTE,R1C1,01/10/2026,13h55,AUTEUIL,Conditions de course : Haies 3 600m 15 partants Corde à gauche 98 000 € Pour 5 ans HANDICAP,3600,98000,15,False,https://www.turfomania.fr/pronostics/partants-jeudi-01-octobre-2026-auteuil-prix-cerealiste.html?idcourse=684218,3,3,GREY FIGHTER,(23j) 4h (25) 4h 1h 9h Ts Th 5h (24) 4h 1h 3h 12p 6p,(23j) 4h (25) 4h 1h 9h Ts Th 5h (24) 4h 1h 3h 12p 6p,https://www.turfomania.fr/cheval/grey-fighter_1126989,7980371,70.0,-,0,0,5,NABET K.,GEORGE & A N.,84040,,4.5,3,65.5,4.92,4.92,6.53
PRIX CEREALISTE,R1C1,01/10/2026,13h55,AUTEUIL,Conditions de course : Haies 3 600m 15 partants Corde à gauche 98 000 € Pour 5 ans HANDICAP,3600,98000,15,False,https://www.turfomania.fr/pronostics/partants-jeudi-01-octobre-2026-auteuil-prix-cerealiste.html?idcourse=684218,4,4,MR DIAFOIRUS,(23j) 3h 1h 3h 1h Ah 8h 1h 3h 3h (25) 5p 4p 9p,(23j) 3h 1h 3h 1h Ah 8h 1h 3h 3h (25) 5p 4p 9p,https://www.turfomania.fr/cheval/mr-diafoirus_1169557,7980372,68.0,-,0,0,5,REVELEY J.,MERIENNE (S) H.,65917,,5.7,3,62.3,4.0,4.0,8.33
PRIX CEREALISTE,R1C1,01/10/2026,13h55,AUTEUIL,Conditions de course : Haies 3 600m 15 partants Corde à gauche 98 000 € Pour 5 ans HANDICAP,3600,98000,15,False,https://www.turfomania.fr/pronostics/partants-jeudi-01-octobre-2026-auteuil-prix-cerealiste.html?idcourse=684218,5,5,KUCHARSKY,(23j) 6h As 1s Ah 2s Ah 1h (25) 5s 3s 11s 4h 8s,(23j) 6h As 1s Ah 2s Ah 1h (25) 5s 3s 11s 4h 8s,https://www.turfomania.fr/cheval/kucharsky_1195787,7980373,67.0,-,0,0,5,CHESNEAU A.,FOUIN Y.,127430,X,34.0,3,33.0,4.67,4.67,3.93
PRIX CEREALISTE,R1C1,01/10/2026,13h55,AUTEUIL,Conditions de course : Haies 3 600m 15 partants Corde à gauche 98 000 € Pour 5 ans HANDICAP,3600,98000,15,False,https://www.turfomania.fr/pronostics/partants-jeudi-01-octobre-2026-auteuil-prix-cerealiste.html?idcourse=684218,6,6,LATINO LA NOVERIE,(32j) 1h 4h (25) 3p 6h Ts 5p (24) 9p 4p 9p 7p,(32j) 1h 4h (25) 3p 6h Ts 5p (24) 9p 4p 9p 7p,https://www.turfomania.fr/cheval/latino-la-noverie_1194916,7980374,66.5,-,0,0,5,LE CLERC MM.,LE CLERC (S) A.,19300,,28.0,3,38.5,5.25,5.25,7.75
PRIX CEREALISTE,R1C1,01/10/2026,13h55,AUTEUIL,Conditions de course : Haies 3 600m 15 partants Corde à gauche 98 000 € Pour 5 ans HANDICAP,3600,98000,15,False,https://www.turfomania.fr/pronostics/partants-jeudi-01-octobre-2026-auteuil-prix-cerealiste.html?idcourse=684218,7,7,EXCITING HUNT,(23j) 1h 5h 7h 5h 1h (25) 7h 6h 5h 5h 1p Th,(23j) 1h 5h 7h 5h 1h (25) 7h 6h 5h 5h 1p Th,https://www.turfomania.fr/cheval/exciting-hunt_1229679,7980375,66.0,-,0,0,5,BRECHET LÉ.,MELE (S) D.,62210,,14.0,3,52.0,4.46,4.46,7.2
PRIX CEREALISTE,R1C1,01/10/2026,13h55,AUTEUIL,Conditions de course : Haies 3 600m 15 partants Corde à gauche 98 000 € Pour 5 ans HANDICAP,3600,98000,15,False,https://www.turfomania.fr/pronostics/partants-jeudi-01-octobre-2026-auteuil-prix-cerealiste.html?idcourse=684218,8,8,TITI DE PARIS,(23j) 14h Ah Ah Ah 2h 3h Ah (25) 1h (24) 2h 2h 2h 2h,(23j) 14h Ah Ah Ah 2h 3h Ah (25) 1h (24) 2h 2h 2h 2h,https://www.turfomania.fr/cheval/titi-de-paris_1168477,7980376,65.5,-,0,0,5,BELLE MME O.,COLLET (S) ROB.,163190,A,45.0,3,20.5,3.91,3.91,0.2
PRIX CEREALISTE,R1C1,01/10/2026,13h55,AUTEUIL,Conditions de course : Haies 3 600m 15 partants Corde à gauche 98 000 € Pour 5 ans HANDICAP,3600,98000,15,False,https://www.turfomania.fr/pronostics/partants-jeudi-01-octobre-2026-auteuil-prix-cerealiste.html?idcourse=684218,9,9,LACRYMA CHRISTI,(27j) 4h (25) 2s 2s 1h 4s (24) 2s 3s 3s 6h Ah 1h 3h,(27j) 4h (25) 2s 2s 1h 4s (24) 2s 3s 3s 6h Ah 1h 3h,https://www.turfomania.fr/cheval/lacryma-christi_1175754,7980377,65.5,-,0,2,5,CHEVILLARD .,BOISNARD (S) J.,77690,,18.0,3,47.5,3.29,3.29,6.8
PRIX CEREALISTE,R1C1,01/10/2026,13h55,AUTEUIL,Conditions de course : Haies 3 600m 15 partants Corde à gauche 98 000 € Pour 5 ans HANDICAP,3600,98000,15,False,https://www.turfomania.fr/pronostics/partants-jeudi-01-octobre-2026-auteuil-prix-cerealiste.html?idcourse=684218,10,10,KADOVER,(27j) 3h Ah 5s (25) 3s 4h 2s 2s Ts (24) Ts 2s 3h 1s,(27j) 3h Ah 5s (25) 3s 4h 2s 2s Ts (24) Ts 2s 3h 1s,https://www.turfomania.fr/cheval/kadover_1166678,7980378,65.5,-,0,2,5,JOURNIAC TH.,BOISNARD (S) J.,75560,,45.0,3,20.5,3.33,3.33,5.79
PRIX CEREALISTE,R1C1,01/10/2026,13h55,AUTEUIL,Conditions de course : Haies 3 600m 15 partants Corde à gauche 98 000 € Pour 5 ans HANDICAP,3600,98000,15,False,https://www.turfomania.fr/pronostics/partants-jeudi-01-octobre-2026-auteuil-prix-cerealiste.html?idcourse=684218,11,11,LUCKY NONANTAIS,(572j) (25) 2s 1s (24) 1s 1s As 7h 10h 9p,(572j) (25) 2s 1s (24) 1s 1s As 7h 10h 9p,https://www.turfomania.fr/cheval/lucky-nonantais_1184604,7980379,65.5,-,0,0,5,BEAURAIN T.,FOUIN Y.,102850,,33.0,3,32.5,4.6,4.6,2.67
PRIX CEREALISTE,R1C1,01/10/2026,13h55,AUTEUIL,Conditions de course : Haies 3 600m 15 partants Corde à gauche 98 000 € Pour 5 ans HANDICAP,3600,98000,15,False,https://www.turfomania.fr/pronostics/partants-jeudi-01-octobre-2026-auteuil-prix-cerealiste.html?idcourse=684218,12,12,LE COLOMBAR,(23j) 3h 10h 6h 4h (25) 2h 1h 8s 8h 5h 2h 9s 5s,(23j) 3h 10h 6h 4h (25) 2h 1h 8s 8h 5h 2h 9s 5s,https://www.turfomania.fr/cheval/le-colombar_1179931,7980380,65.0,-,0,0,5,UBEDA D.,SEROR (S) M.,117260,A,12.0,3,53.0,5.2,5.2,5.47
PRIX CEREALISTE,R1C1,01/10/2026,13h55,AUTEUIL,Conditions de course : Haies 3 600m 15 partants Corde à gauche 98 000 € Pour 5 ans HANDICAP,3600,98000,15,False,https://www.turfomania.fr/pronostics/partants-jeudi-01-octobre-2026-auteuil-prix-cerealiste.html?idcourse=684218,13,13,LILETTE,(23j) 1h 5h 6h 5h 4h (25) 7h 3h 5h 2h 1h,(23j) 1h 5h 6h 5h 4h (25) 7h 3h 5h 2h 1h,https://www.turfomania.fr/cheval/lilette_1232950,7980381,64.5,-,0,2,5,GELHAY B.,PITART M.,60485,A,8.8,3,55.7,4.15,4.15,7.2
PRIX CEREALISTE,R1C1,01/10/2026,13h55,AUTEUIL,Conditions de course : Haies 3 600m 15 partants Corde à gauche 98 000 € Pour 5 ans HANDICAP,3600,98000,15,False,https://www.turfomania.fr/pronostics/partants-jeudi-01-octobre-2026-auteuil-prix-cerealiste.html?idcourse=684218,14,14,LUTECE ALLEN,(16j) 2h 1s 5s 2s (25) 2h 2h 5p 2p 1p 9h,(16j) 2h 1s 5s 2s (25) 2h 2h 5p 2p 1p 9h,https://www.turfomania.fr/cheval/lutece-allen_1225067,7980382,64.5,-,0,2,5,ZULIANI A.,LEENDERS GAB.,55305,,12.0,3,52.5,3.54,3.54,8.0
PRIX CEREALISTE,R1C1,01/10/2026,13h55,AUTEUIL,Conditions de course : Haies 3 600m 15 partants Corde à gauche 98 000 € Pour 5 ans HANDICAP,3600,98000,15,False,https://www.turfomania.fr/pronostics/partants-jeudi-01-octobre-2026-auteuil-prix-cerealiste.html?idcourse=684218,15,15,LIPRIKA D'ANJOU,(23j) 11h 2h 7h 5s (25) 5s As 3s 4s (24) 1h Ah 6h 4h,(23j) 11h 2h 7h 5s (25) 5s As 3s 4s (24) 1h Ah 6h 4h,https://www.turfomania.fr/cheval/liprika-d-anjou_1179031,7980383,62.5,"63,0",0,0,5,DE GILES F.,MERIENNE (S) H.,91535,,13.0,3,49.5,4.85,4.85,4.6
